,,T1_V1,T1_V2,T1_V3,T1_V4,T1_V5,T1_V6,T1_V7,T1_V8,T1_V9,T1_V10,T1_V11,T1_V12,T1_V13,T1_V14,T1_V15,T1_V16,T1_V17,T2_V1,T2_V2,T2_V3,T2_V4,T2_V5,T2_V6,T2_V7,T2_V8,T2_V9,T2_V10,T2_V11,T2_V12,T2_V13,T2_V14,T2_V15,Hazard
0.00,T1_V1,1.00,0.00,-0.03,0.22,0.09,0.00,0.01,0.01,0.07,0.00,0.00,0.00,0.01,-0.09,-0.18,0.09,0.00,-0.08,0.07,0.00,-0.07,0.02,0.00,0.00,0.03,-0.18,0.00,-0.16,0.00,-0.21,0.02,0.01,0.06
1.00,T1_V2,0.00,1.00,0.13,0.01,0.06,0.00,0.00,0.00,0.06,-0.01,0.14,0.01,0.00,-0.12,-0.07,0.07,-0.01,0.10,0.21,0.00,0.11,0.00,0.00,0.00,0.03,0.02,-0.01,0.03,0.00,0.02,-0.03,0.16,0.10
2.00,T1_V3,-0.03,0.13,1.00,0.03,0.03,0.00,0.00,0.01,0.01,0.00,0.03,0.00,-0.01,-0.07,0.07,0.01,0.01,0.10,0.04,0.01,0.08,-0.01,0.03,0.00,0.02,0.01,0.00,0.00,0.01,-0.02,0.02,0.10,0.06
3.00,T1_V4,0.22,0.01,0.03,1.00,0.09,0.00,0.01,0.02,0.04,0.00,0.12,0.01,0.00,-0.19,-0.15,0.06,-0.02,-0.04,0.09,0.00,-0.04,0.04,0.03,0.01,0.06,-0.07,-0.01,-0.06,-0.03,-0.09,0.03,0.00,0.09
4.00,T1_V5,0.09,0.06,0.03,0.09,1.00,0.00,0.00,0.01,0.69,0.00,0.43,0.00,0.00,-0.06,-0.04,0.70,0.05,0.06,0.09,0.00,0.14,-0.06,0.03,0.00,0.02,-0.02,0.00,0.00,0.05,-0.02,0.02,0.13,0.13
5.00,T1_V6,0.00,0.00,0.00,0.00,0.00,1.00,0.00,0.00,0.00,0.00,0.00,0.00,0.00,0.00,0.00,0.00,-0.01,0.00,0.00,0.01,0.00,0.00,0.00,0.01,0.00,0.00,0.00,-0.01,-0.01,-0.01,0.00,0.00,0.00
6.00,T1_V7,0.01,0.00,0.00,0.01,0.00,0.00,1.00,0.01,0.00,-0.01,0.00,0.00,0.00,0.00,-0.01,0.00,0.00,0.00,0.00,0.00,0.00,0.00,0.01,0.00,0.00,0.00,0.00,0.00,0.00,0.01,0.00,-0.01,0.01
7.00,T1_V8,0.01,0.00,0.01,0.02,0.01,0.00,0.01,1.00,0.00,0.00,0.01,0.01,0.00,-0.03,-0.01,0.01,-0.01,0.02,0.00,0.00,0.01,0.00,0.00,0.00,-0.01,0.00,0.00,-0.01,-0.02,-0.02,0.00,0.02,0.06
8.00,T1_V9,0.07,0.06,0.01,0.04,0.69,0.00,0.00,0.00,1.00,0.00,0.38,0.01,0.00,-0.05,-0.04,0.66,0.05,0.01,-0.10,0.00,0.09,0.00,0.00,-0.01,0.02,-0.05,0.00,-0.01,0.06,0.00,-0.01,0.07,0.12
9.00,T1_V10,0.00,-0.01,0.00,0.00,0.00,0.00,-0.01,0.00,0.00,1.00,0.00,0.01,0.00,0.00,0.01,0.00,0.00,0.00,0.00,0.00,0.00,0.00,0.01,0.00,0.01,0.00,0.00,0.00,0.00,0.00,0.01,0.00,0.00
10.00,T1_V11,0.00,0.14,0.03,0.12,0.43,0.00,0.00,0.01,0.38,0.00,1.00,0.01,0.00,-0.10,-0.02,0.44,0.04,-0.01,0.19,0.00,0.06,0.03,0.04,0.00,0.10,-0.03,0.00,0.02,0.04,0.04,0.01,0.05,0.10
11.00,T1_V12,0.00,0.01,0.00,0.01,0.00,0.00,0.00,0.01,0.01,0.01,0.01,1.00,0.00,-0.02,0.00,0.01,0.00,0.01,0.02,0.00,0.00,0.03,-0.01,0.00,0.01,-0.01,0.00,0.02,0.00,0.03,-0.02,-0.02,0.03
12.00,T1_V13,0.01,0.00,-0.01,0.00,0.00,0.00,0.00,0.00,0.00,0.00,0.00,0.00,1.00,0.00,-0.01,0.00,0.00,0.00,-0.01,0.00,0.00,0.00,0.00,0.00,0.00,0.00,0.01,0.00,0.00,0.00,0.00,0.00,0.00
13.00,T1_V14,-0.09,-0.12,-0.07,-0.19,-0.06,0.00,0.00,-0.03,-0.05,0.00,-0.10,-0.02,0.00,1.00,0.06,-0.05,-0.07,-0.06,-0.10,0.00,-0.01,-0.08,-0.03,-0.01,-0.05,0.04,0.00,0.09,-0.07,0.09,-0.02,-0.01,-0.07
14.00,T1_V15,-0.18,-0.07,0.07,-0.15,-0.04,0.00,-0.01,-0.01,-0.04,0.01,-0.02,0.00,-0.01,0.06,1.00,-0.03,0.00,-0.04,0.05,0.00,0.01,0.00,0.00,0.00,0.00,0.09,0.01,0.02,0.00,0.04,0.01,-0.01,-0.06
15.00,T1_V16,0.09,0.07,0.01,0.06,0.70,0.00,0.00,0.01,0.66,0.00,0.44,0.01,0.00,-0.05,-0.03,1.00,0.05,0.02,-0.01,0.01,0.10,0.01,0.01,0.00,0.04,-0.04,0.01,-0.01,0.05,0.00,-0.02,0.07,0.13
16.00,T1_V17,0.00,-0.01,0.01,-0.02,0.05,-0.01,0.00,-0.01,0.05,0.00,0.04,0.00,0.00,-0.07,0.00,0.05,1.00,0.32,-0.06,-0.01,0.12,0.10,0.10,0.00,0.16,-0.04,0.00,0.20,0.97,0.23,0.02,-0.01,-0.01
17.00,T2_V1,-0.08,0.10,0.10,-0.04,0.06,0.00,0.00,0.02,0.01,0.00,-0.01,0.01,0.00,-0.06,-0.04,0.02,0.32,1.00,-0.01,-0.01,0.30,-0.06,0.03,0.00,0.02,-0.02,-0.01,0.24,0.30,0.19,-0.07,0.21,-0.02
18.00,T2_V2,0.07,0.21,0.04,0.09,0.09,0.00,0.00,0.00,-0.10,0.00,0.19,0.02,-0.01,-0.10,0.05,-0.01,-0.06,-0.01,1.00,0.00,0.01,0.03,0.08,0.01,0.11,0.04,0.01,-0.02,-0.06,-0.01,0.06,0.03,-0.01
19.00,T2_V3,0.00,0.00,0.01,0.00,0.00,0.01,0.00,0.00,0.00,0.00,0.00,0.00,0.00,0.00,0.00,0.01,-0.01,-0.01,0.00,1.00,0.00,0.00,0.00,0.00,0.01,0.00,0.00,0.00,-0.01,0.00,0.00,0.00,0.00
20.00,T2_V4,-0.07,0.11,0.08,-0.04,0.14,0.00,0.00,0.01,0.09,0.00,0.06,0.00,0.00,-0.01,0.01,0.10,0.12,0.30,0.01,0.00,1.00,-0.15,0.02,0.01,0.01,0.05,0.00,0.12,0.11,0.12,-0.13,0.50,0.04
21.00,T2_V5,0.02,0.00,-0.01,0.04,-0.06,0.00,0.00,0.00,0.00,0.00,0.03,0.03,0.00,-0.08,0.00,0.01,0.10,-0.06,0.03,0.00,-0.15,1.00,-0.04,0.00,0.02,-0.14,0.00,-0.03,0.11,0.03,-0.03,-0.30,0.01
22.00,T2_V6,0.00,0.00,0.03,0.03,0.03,0.00,0.01,0.00,0.00,0.01,0.04,-0.01,0.00,-0.03,0.00,0.01,0.10,0.03,0.08,0.00,0.02,-0.04,1.00,0.00,0.27,0.01,0.00,0.04,0.10,0.05,0.62,0.08,0.02
23.00,T2_V7,0.00,0.00,0.00,0.01,0.00,0.01,0.00,0.00,-0.01,0.00,0.00,0.00,0.00,-0.01,0.00,0.00,0.00,0.00,0.01,0.00,0.01,0.00,0.00,1.00,0.00,0.00,0.00,0.00,0.00,0.00,-0.01,0.00,0.00
24.00,T2_V8,0.03,0.03,0.02,0.06,0.02,0.00,0.00,-0.01,0.02,0.01,0.10,0.01,0.00,-0.05,0.00,0.04,0.16,0.02,0.11,0.01,0.01,0.02,0.27,0.00,1.00,-0.02,0.00,0.05,0.17,0.07,0.17,0.01,0.00
25.00,T2_V9,-0.18,0.02,0.01,-0.07,-0.02,0.00,0.00,0.00,-0.05,0.00,-0.03,-0.01,0.00,0.04,0.09,-0.04,-0.04,-0.02,0.04,0.00,0.05,-0.14,0.01,0.00,-0.02,1.00,0.00,0.04,-0.04,0.07,0.02,0.06,-0.05
26.00,T2_V10,0.00,-0.01,0.00,-0.01,0.00,0.00,0.00,0.00,0.00,0.00,0.00,0.00,0.01,0.00,0.01,0.01,0.00,-0.01,0.01,0.00,0.00,0.00,0.00,0.00,0.00,0.00,1.00,0.00,0.00,0.00,0.00,0.00,-0.01
27.00,T2_V11,-0.16,0.03,0.00,-0.06,0.00,-0.01,0.00,-0.01,-0.01,0.00,0.02,0.02,0.00,0.09,0.02,-0.01,0.20,0.24,-0.02,0.00,0.12,-0.03,0.04,0.00,0.05,0.04,0.00,1.00,0.20,0.74,-0.05,0.06,0.00
28.00,T2_V12,0.00,0.00,0.01,-0.03,0.05,-0.01,0.00,-0.02,0.06,0.00,0.04,0.00,0.00,-0.07,0.00,0.05,0.97,0.30,-0.06,-0.01,0.11,0.11,0.10,0.00,0.17,-0.04,0.00,0.20,1.00,0.23,0.02,-0.02,-0.01
29.00,T2_V13,-0.21,0.02,-0.02,-0.09,-0.02,-0.01,0.01,-0.02,0.00,0.00,0.04,0.03,0.00,0.09,0.04,0.00,0.23,0.19,-0.01,0.00,0.12,0.03,0.05,0.00,0.07,0.07,0.00,0.74,0.23,1.00,-0.08,0.01,0.00
30.00,T2_V14,0.02,-0.03,0.02,0.03,0.02,0.00,0.00,0.00,-0.01,0.01,0.01,-0.02,0.00,-0.02,0.01,-0.02,0.02,-0.07,0.06,0.00,-0.13,-0.03,0.62,-0.01,0.17,0.02,0.00,-0.05,0.02,-0.08,1.00,-0.01,0.03
31.00,T2_V15,0.01,0.16,0.10,0.00,0.13,0.00,-0.01,0.02,0.07,0.00,0.05,-0.02,0.00,-0.01,-0.01,0.07,-0.01,0.21,0.03,0.00,0.50,-0.30,0.08,0.00,0.01,0.06,0.00,0.06,-0.02,0.01,-0.01,1.00,0.07
,Hazard,0.06,0.10,0.06,0.09,0.13,0.00,0.01,0.06,0.12,0.00,0.10,0.03,0.00,-0.07,-0.06,0.13,-0.01,-0.02,-0.01,0.00,0.04,0.01,0.02,0.00,0.00,-0.05,-0.01,0.00,-0.01,0.00,0.03,0.07,1.00
,,,,,,,,,,,,,,,,,,,,,,,,,,,,,,,,,,
,,,,,,,,,,,,,,,,,,,,,,,,,,,,,,,,,,
,,1.00,0.00,0.00,0.00,0.00,0.00,0.00,0.00,0.00,0.00,0.00,0.00,0.00,0.00,0.00,0.00,0.00,0.00,0.00,0.00,0.00,0.00,0.00,0.00,0.00,0.00,0.00,0.00,0.00,0.00,0.00,0.00,0.00
,,0.00,1.00,0.00,0.00,0.00,0.00,0.00,0.00,0.00,0.00,0.00,0.00,0.00,0.00,0.00,0.00,0.00,0.00,0.00,0.00,0.00,0.00,0.00,0.00,0.00,0.00,0.00,0.00,0.00,0.00,0.00,0.00,0.00
,,0.00,0.00,1.00,0.00,0.00,0.00,0.00,0.00,0.00,0.00,0.00,0.00,0.00,0.00,0.00,0.00,0.00,0.00,0.00,0.00,0.00,0.00,0.00,0.00,0.00,0.00,0.00,0.00,0.00,0.00,0.00,0.00,0.00
,,0.00,0.00,0.00,1.00,0.00,0.00,0.00,0.00,0.00,0.00,0.00,0.00,0.00,0.00,0.00,0.00,0.00,0.00,0.00,0.00,0.00,0.00,0.00,0.00,0.00,0.00,0.00,0.00,0.00,0.00,0.00,0.00,0.00
,,0.00,0.00,0.00,0.00,1.00,0.00,0.00,0.00,0.00,0.00,0.00,0.00,0.00,0.00,0.00,1.00,0.00,0.00,0.00,0.00,0.00,0.00,0.00,0.00,0.00,0.00,0.00,0.00,0.00,0.00,0.00,0.00,0.00
,,0.00,0.00,0.00,0.00,0.00,1.00,0.00,0.00,0.00,0.00,0.00,0.00,0.00,0.00,0.00,0.00,0.00,0.00,0.00,0.00,0.00,0.00,0.00,0.00,0.00,0.00,0.00,0.00,0.00,0.00,0.00,0.00,0.00
,,0.00,0.00,0.00,0.00,0.00,0.00,1.00,0.00,0.00,0.00,0.00,0.00,0.00,0.00,0.00,0.00,0.00,0.00,0.00,0.00,0.00,0.00,0.00,0.00,0.00,0.00,0.00,0.00,0.00,0.00,0.00,0.00,0.00
,,0.00,0.00,0.00,0.00,0.00,0.00,0.00,1.00,0.00,0.00,0.00,0.00,0.00,0.00,0.00,0.00,0.00,0.00,0.00,0.00,0.00,0.00,0.00,0.00,0.00,0.00,0.00,0.00,0.00,0.00,0.00,0.00,0.00
,,0.00,0.00,0.00,0.00,0.00,0.00,0.00,0.00,1.00,0.00,0.00,0.00,0.00,0.00,0.00,0.00,0.00,0.00,0.00,0.00,0.00,0.00,0.00,0.00,0.00,0.00,0.00,0.00,0.00,0.00,0.00,0.00,0.00
,,0.00,0.00,0.00,0.00,0.00,0.00,0.00,0.00,0.00,1.00,0.00,0.00,0.00,0.00,0.00,0.00,0.00,0.00,0.00,0.00,0.00,0.00,0.00,0.00,0.00,0.00,0.00,0.00,0.00,0.00,0.00,0.00,0.00
,,0.00,0.00,0.00,0.00,0.00,0.00,0.00,0.00,0.00,0.00,1.00,0.00,0.00,0.00,0.00,0.00,0.00,0.00,0.00,0.00,0.00,0.00,0.00,0.00,0.00,0.00,0.00,0.00,0.00,0.00,0.00,0.00,0.00
,,0.00,0.00,0.00,0.00,0.00,0.00,0.00,0.00,0.00,0.00,0.00,1.00,0.00,0.00,0.00,0.00,0.00,0.00,0.00,0.00,0.00,0.00,0.00,0.00,0.00,0.00,0.00,0.00,0.00,0.00,0.00,0.00,0.00
,,0.00,0.00,0.00,0.00,0.00,0.00,0.00,0.00,0.00,0.00,0.00,0.00,1.00,0.00,0.00,0.00,0.00,0.00,0.00,0.00,0.00,0.00,0.00,0.00,0.00,0.00,0.00,0.00,0.00,0.00,0.00,0.00,0.00
,,0.00,0.00,0.00,0.00,0.00,0.00,0.00,0.00,0.00,0.00,0.00,0.00,0.00,1.00,0.00,0.00,0.00,0.00,0.00,0.00,0.00,0.00,0.00,0.00,0.00,0.00,0.00,0.00,0.00,0.00,0.00,0.00,0.00
,,0.00,0.00,0.00,0.00,0.00,0.00,0.00,0.00,0.00,0.00,0.00,0.00,0.00,0.00,1.00,0.00,0.00,0.00,0.00,0.00,0.00,0.00,0.00,0.00,0.00,0.00,0.00,0.00,0.00,0.00,0.00,0.00,0.00
,,0.00,0.00,0.00,0.00,1.00,0.00,0.00,0.00,0.00,0.00,0.00,0.00,0.00,0.00,0.00,1.00,0.00,0.00,0.00,0.00,0.00,0.00,0.00,0.00,0.00,0.00,0.00,0.00,0.00,0.00,0.00,0.00,0.00
,,0.00,0.00,0.00,0.00,0.00,0.00,0.00,0.00,0.00,0.00,0.00,0.00,0.00,0.00,0.00,0.00,1.00,0.00,0.00,0.00,0.00,0.00,0.00,0.00,0.00,0.00,0.00,0.00,1.00,0.00,0.00,0.00,0.00
,,0.00,0.00,0.00,0.00,0.00,0.00,0.00,0.00,0.00,0.00,0.00,0.00,0.00,0.00,0.00,0.00,0.00,1.00,0.00,0.00,0.00,0.00,0.00,0.00,0.00,0.00,0.00,0.00,0.00,0.00,0.00,0.00,0.00
,,0.00,0.00,0.00,0.00,0.00,0.00,0.00,0.00,0.00,0.00,0.00,0.00,0.00,0.00,0.00,0.00,0.00,0.00,1.00,0.00,0.00,0.00,0.00,0.00,0.00,0.00,0.00,0.00,0.00,0.00,0.00,0.00,0.00
,,0.00,0.00,0.00,0.00,0.00,0.00,0.00,0.00,0.00,0.00,0.00,0.00,0.00,0.00,0.00,0.00,0.00,0.00,0.00,1.00,0.00,0.00,0.00,0.00,0.00,0.00,0.00,0.00,0.00,0.00,0.00,0.00,0.00
,,0.00,0.00,0.00,0.00,0.00,0.00,0.00,0.00,0.00,0.00,0.00,0.00,0.00,0.00,0.00,0.00,0.00,0.00,0.00,0.00,1.00,0.00,0.00,0.00,0.00,0.00,0.00,0.00,0.00,0.00,0.00,0.00,0.00
,,0.00,0.00,0.00,0.00,0.00,0.00,0.00,0.00,0.00,0.00,0.00,0.00,0.00,0.00,0.00,0.00,0.00,0.00,0.00,0.00,0.00,1.00,0.00,0.00,0.00,0.00,0.00,0.00,0.00,0.00,0.00,0.00,0.00
,,0.00,0.00,0.00,0.00,0.00,0.00,0.00,0.00,0.00,0.00,0.00,0.00,0.00,0.00,0.00,0.00,0.00,0.00,0.00,0.00,0.00,0.00,1.00,0.00,0.00,0.00,0.00,0.00,0.00,0.00,0.00,0.00,0.00
,,0.00,0.00,0.00,0.00,0.00,0.00,0.00,0.00,0.00,0.00,0.00,0.00,0.00,0.00,0.00,0.00,0.00,0.00,0.00,0.00,0.00,0.00,0.00,1.00,0.00,0.00,0.00,0.00,0.00,0.00,0.00,0.00,0.00
,,0.00,0.00,0.00,0.00,0.00,0.00,0.00,0.00,0.00,0.00,0.00,0.00,0.00,0.00,0.00,0.00,0.00,0.00,0.00,0.00,0.00,0.00,0.00,0.00,1.00,0.00,0.00,0.00,0.00,0.00,0.00,0.00,0.00
,,0.00,0.00,0.00,0.00,0.00,0.00,0.00,0.00,0.00,0.00,0.00,0.00,0.00,0.00,0.00,0.00,0.00,0.00,0.00,0.00,0.00,0.00,0.00,0.00,0.00,1.00,0.00,0.00,0.00,0.00,0.00,0.00,0.00
,,0.00,0.00,0.00,0.00,0.00,0.00,0.00,0.00,0.00,0.00,0.00,0.00,0.00,0.00,0.00,0.00,0.00,0.00,0.00,0.00,0.00,0.00,0.00,0.00,0.00,0.00,1.00,0.00,0.00,0.00,0.00,0.00,0.00
,,0.00,0.00,0.00,0.00,0.00,0.00,0.00,0.00,0.00,0.00,0.00,0.00,0.00,0.00,0.00,0.00,0.00,0.00,0.00,0.00,0.00,0.00,0.00,0.00,0.00,0.00,0.00,1.00,0.00,1.00,0.00,0.00,0.00
,,0.00,0.00,0.00,0.00,0.00,0.00,0.00,0.00,0.00,0.00,0.00,0.00,0.00,0.00,0.00,0.00,1.00,0.00,0.00,0.00,0.00,0.00,0.00,0.00,0.00,0.00,0.00,0.00,1.00,0.00,0.00,0.00,0.00
,,0.00,0.00,0.00,0.00,0.00,0.00,0.00,0.00,0.00,0.00,0.00,0.00,0.00,0.00,0.00,0.00,0.00,0.00,0.00,0.00,0.00,0.00,0.00,0.00,0.00,0.00,0.00,1.00,0.00,1.00,0.00,0.00,0.00
,,0.00,0.00,0.00,0.00,0.00,0.00,0.00,0.00,0.00,0.00,0.00,0.00,0.00,0.00,0.00,0.00,0.00,0.00,0.00,0.00,0.00,0.00,0.00,0.00,0.00,0.00,0.00,0.00,0.00,0.00,1.00,0.00,0.00
,,0.00,0.00,0.00,0.00,0.00,0.00,0.00,0.00,0.00,0.00,0.00,0.00,0.00,0.00,0.00,0.00,0.00,0.00,0.00,0.00,0.00,0.00,0.00,0.00,0.00,0.00,0.00,0.00,0.00,0.00,0.00,1.00,0.00
,,0.00,0.00,0.00,0.00,0.00,0.00,0.00,0.00,0.00,0.00,0.00,0.00,0.00,0.00,0.00,0.00,0.00,0.00,0.00,0.00,0.00,0.00,0.00,0.00,0.00,0.00,0.00,0.00,0.00,0.00,0.00,0.00,1.00
